"Name","Args","SecDef","SearchPath","AuthUid","Company","DynamicSQL","SwallowErr","Line"
"add_vin_parts_to_inventory","(p_company_id uuid, p_vehicle jsonb, p_parts jsonb)","True","True","True","True","False","False","10"
"admin_recalculate_all_stock","(p_company_id uuid)","True","True","True","True","False","False","114"
"api_v1_fin_generate_grn_je","(p_company_id uuid, p_grn_id uuid, p_created_by uuid)","True","True","False","False","False","True","180"
"api_v1_fin_post_journal_entry","(p_company_id uuid, p_journal_date date, p_reference_type character varying, p_reference_id uuid, p_description text, p_lines jsonb, p_created_by uuid DEFAULT NULL::uuid, p_force_post boolean DEFAULT true)","True","True","False","False","False","True","253"
"api_v1_inv_create_warehouse","(p_company_id uuid, p_code character varying, p_name_ar character varying, p_name_en character varying DEFAULT NULL::character varying, p_location text DEFAULT NULL::text, p_branch_id uuid DEFAULT NULL::uuid)","True","True","False","False","False","True","360"
"api_v1_inv_record_movement","(p_company_id uuid, p_warehouse_id uuid, p_movement_type inv_movement_type, p_reference_type character varying, p_reference_id uuid, p_items jsonb, p_created_by uuid DEFAULT NULL::uuid, p_notes text DEFAULT NULL::text)","True","True","False","False","False","True","381"
"api_v1_prc_accept_grn","(p_company_id uuid, p_grn_id uuid, p_accepted_by uuid)","True","True","False","False","False","True","461"
"api_v1_prc_act_on_pr","(p_company_id uuid, p_pr_id uuid, p_action character varying, p_actor_id uuid, p_notes text DEFAULT NULL::text)","True","True","False","False","False","True","580"
"api_v1_prc_add_supplier_product","(p_company_id uuid, p_supplier_id uuid, p_product_id uuid, p_supplier_sku character varying DEFAULT NULL::character varying, p_moq numeric DEFAULT 1, p_order_multiple numeric DEFAULT 1, p_lead_time_days smallint DEFAULT 0, p_preferred_supplier boolean DEFAULT false, p_priority smallint DEFAULT 100)","True","True","False","False","False","True","621"
"api_v1_prc_approve_supplier","(p_company_id uuid, p_supplier_id uuid, p_approved boolean, p_approved_by uuid, p_rejection_reason text DEFAULT NULL::text)","True","True","False","False","False","True","656"
"api_v1_prc_approve_variance","(p_company_id uuid, p_invoice_id uuid, p_match_id uuid, p_approved_by uuid, p_resolution_notes text)","True","True","False","False","False","True","682"
"api_v1_prc_award_rfq","(p_company_id uuid, p_evaluation_id uuid, p_awarded_by uuid, p_justification text DEFAULT NULL::text, p_selected_quotation_id uuid DEFAULT NULL::uuid, p_split_awards jsonb DEFAULT NULL::jsonb)","True","True","False","False","False","True","702"
"api_v1_prc_block_supplier","(p_company_id uuid, p_supplier_id uuid, p_action character varying, p_reason text, p_blocked_by uuid)","True","True","False","False","False","True","740"
"api_v1_prc_calculate_ranking","(p_company_id uuid, p_evaluation_id uuid, p_price_weight numeric DEFAULT 0.50, p_technical_weight numeric DEFAULT 0.30, p_delivery_weight numeric DEFAULT 0.20)","True","True","False","False","False","True","769"
"api_v1_prc_calculate_supplier_metrics","(p_company_id uuid, p_supplier_id uuid, p_period_start date, p_period_end date)","True","True","False","False","False","True","798"
"api_v1_prc_cancel_po","(p_company_id uuid, p_po_id uuid, p_cancelled_by uuid, p_reason text DEFAULT NULL::text)","True","True","False","False","False","True","866"
"api_v1_prc_cancel_pr","(p_company_id uuid, p_pr_id uuid, p_cancelled_by uuid, p_reason text DEFAULT NULL::text)","True","True","False","False","False","True","892"
"api_v1_prc_close_rfq","(p_company_id uuid, p_rfq_id uuid, p_closed_by uuid DEFAULT NULL::uuid)","True","True","False","False","False","True","922"
"api_v1_prc_create_grn","(p_company_id uuid, p_po_id uuid, p_received_by uuid, p_delivery_note_number character varying DEFAULT NULL::character varying, p_warehouse_id uuid DEFAULT NULL::uuid, p_notes text DEFAULT NULL::text, p_items jsonb DEFAULT '[]'::jsonb)","True","True","False","False","False","True","939"
"api_v1_prc_create_po_from_quotation","(p_company_id uuid, p_quotation_id uuid, p_buyer_id uuid, p_expected_delivery_date date DEFAULT NULL::date, p_shipping_terms character varying DEFAULT NULL::character varying, p_notes text DEFAULT NULL::text)","True","True","False","False","False","True","974"
"api_v1_prc_create_pr","(p_company_id uuid, p_requester_id uuid, p_department_id uuid DEFAULT NULL::uuid, p_justification text DEFAULT NULL::text, p_priority character varying DEFAULT 'normal'::character varying, p_required_date date DEFAULT NULL::date, p_currency character varying DEFAULT 'SAR'::character varying, p_items jsonb DEFAULT '[]'::jsonb)","True","True","False","False","False","True","1023"
"api_v1_prc_create_rfq","(p_company_id uuid, p_buyer_id uuid, p_title character varying, p_submission_deadline timestamp with time zone, p_delivery_date date DEFAULT NULL::date, p_terms_and_conditions text DEFAULT NULL::text, p_items jsonb DEFAULT '[]'::jsonb, p_pr_id uuid DEFAULT NULL::uuid)","True","True","False","False","False","True","1065"
"api_v1_prc_create_supplier","(p_company_id uuid, p_legal_name character varying, p_trade_name character varying DEFAULT NULL::character varying, p_supplier_type character varying DEFAULT 'distributor'::character varying, p_category_id uuid DEFAULT NULL::uuid, p_country character varying DEFAULT 'SA'::character varying, p_city character varying DEFAULT ''::character varying, p_currency character varying DEFAULT 'SAR'::character varying, p_tax_number character varying DEFAULT NULL::character varying, p_commercial_registration character varying DEFAULT NULL::character varying, p_vat_number character varying DEFAULT NULL::character varying, p_website character varying DEFAULT NULL::character varying, p_initial_rating smallint DEFAULT 3)","True","True","False","False","False","True","1102"
"api_v1_prc_instantiate_pr_workflow","(p_company_id uuid)","True","True","False","False","False","False","1137"
"api_v1_prc_invite_supplier_to_rfq","(p_company_id uuid, p_rfq_id uuid, p_supplier_id uuid, p_invited_by uuid)","True","True","False","False","False","True","1186"
"api_v1_prc_issue_po","(p_company_id uuid, p_po_id uuid, p_issued_by uuid)","True","True","False","False","False","True","1212"
"api_v1_prc_publish_rfq","(p_company_id uuid, p_rfq_id uuid, p_published_by uuid, p_supplier_ids uuid[] DEFAULT ARRAY[]::uuid[])","True","True","False","False","False","True","1234"
"api_v1_prc_record_supplier_document","(p_company_id uuid, p_supplier_id uuid, p_document_type character varying, p_title character varying, p_file_url character varying, p_issue_date date DEFAULT NULL::date, p_expiry_date date DEFAULT NULL::date, p_reminder_days smallint[] DEFAULT '{30,15,7}'::smallint[], p_uploaded_by uuid DEFAULT NULL::uuid)","True","True","False","False","False","True","1265"
"api_v1_prc_run_three_way_match","(p_company_id uuid, p_invoice_id uuid, p_matched_by uuid)","True","True","False","False","False","True","1298"
"api_v1_prc_schedule_analytics_job","(p_company_id uuid, p_scheduled_by uuid DEFAULT NULL::uuid)","True","True","False","False","False","True","1353"
"api_v1_prc_score_quotation","(p_company_id uuid, p_evaluation_id uuid, p_quotation_id uuid, p_price_score numeric, p_technical_score numeric, p_delivery_score numeric)","True","True","False","False","False","True","1376"
"api_v1_prc_start_evaluation","(p_company_id uuid, p_rfq_id uuid, p_evaluator_id uuid)","True","True","False","False","False","True","1397"
"api_v1_prc_submit_pr","(p_company_id uuid, p_pr_id uuid, p_submitted_by uuid)","True","True","False","False","False","True","1423"
"api_v1_prc_submit_quotation","(p_company_id uuid, p_rfq_id uuid, p_supplier_id uuid, p_currency character varying DEFAULT 'SAR'::character varying, p_valid_until date DEFAULT NULL::date, p_payment_terms character varying DEFAULT NULL::character varying, p_delivery_lead_time_days smallint DEFAULT 0, p_notes text DEFAULT NULL::text, p_items jsonb DEFAULT '[]'::jsonb)","True","True","False","False","False","True","1463"
"api_v1_prc_submit_supplier_approval","(p_company_id uuid, p_supplier_id uuid, p_submitted_by uuid)","True","True","False","False","False","True","1520"
"api_v1_prc_update_supplier_scores","(p_company_id uuid, p_supplier_id uuid, p_period_start date, p_period_end date)","True","True","False","False","False","True","1545"
"api_v1_prc_update_supplier_terms","(p_company_id uuid, p_supplier_id uuid, p_payment_terms character varying, p_credit_limit numeric DEFAULT 0, p_credit_days smallint DEFAULT 0, p_incoterm character varying DEFAULT NULL::character varying, p_shipping_terms character varying DEFAULT NULL::character varying, p_delivery_method character varying DEFAULT NULL::character varying, p_return_policy text DEFAULT NULL::text, p_warranty_terms text DEFAULT NULL::text, p_penalty_rules text DEFAULT NULL::text)","True","True","False","False","False","True","1576"
"api_v1_prc_upsert_supplier_price","(p_company_id uuid, p_supplier_product_id uuid, p_unit_price numeric, p_currency character varying DEFAULT 'SAR'::character varying, p_minimum_quantity numeric DEFAULT 1, p_discount numeric DEFAULT 0, p_tax_percentage numeric DEFAULT 15, p_effective_from timestamp with time zone DEFAULT now()","True","True","False","False","False","True","1607"
"api_v1_sys_enqueue_job","(p_company_id uuid, p_job_type character varying, p_payload jsonb, p_correlation_id uuid DEFAULT NULL::uuid, p_run_after timestamp with time zone DEFAULT now()","True","True","False","False","False","False","1636"
"api_v1_sys_is_feature_enabled","(p_flag_name character varying, p_company_id uuid DEFAULT NULL::uuid, p_user_id uuid DEFAULT NULL::uuid, p_role character varying DEFAULT NULL::character varying)","True","True","False","False","False","False","1662"
"api_v1_sys_publish_event","(p_company_id uuid, p_aggregate_type character varying, p_aggregate_id uuid, p_event_type character varying, p_payload jsonb, p_actor_id uuid DEFAULT NULL::uuid, p_actor_type character varying DEFAULT 'system'::character varying, p_correlation_id uuid DEFAULT NULL::uuid)","True","True","False","False","False","False","1692"
"api_v1_sys_worker_heartbeat","(p_worker_id character varying)","True","True","False","False","False","False","1715"
"assemble_kit","(p_company_id uuid, p_kit_product_id uuid, p_warehouse_id uuid, p_quantity integer, p_user_id uuid)","True","True","False","False","False","False","1733"
"assert_account_belongs_to_company","(p_account_id uuid, p_company_id uuid, p_param_name text DEFAULT 'p_cash_account_id'::text)","True","True","False","False","False","False","1804"
"assert_party_belongs_to_company","(p_party_id uuid, p_company_id uuid, p_param_name text DEFAULT 'p_party_id'::text)","True","True","False","False","False","False","1832"
"assert_product_belongs_to_company","(p_product_id uuid, p_company_id uuid, p_param_name text DEFAULT 'product_id'::text)","True","True","False","False","False","False","1860"
"audit_table_changes","()","True","True","True","False","False","True","1888"
"auto_assign_fiscal_year_to_invoice","()","True","True","False","False","False","False","1959"
"auto_fill_invoice_number","()","False","True","False","False","False","False","1980"
"auto_fill_payment_number","()","False","True","False","False","False","False","1995"
"auto_journal_from_invoice","(p_invoice_id uuid)","True","True","False","False","False","False","2010"
"break_overdue_promises","(p_company_id uuid)","True","True","False","False","False","False","2114"
"bulk_adjust_stock","(p_company_id uuid, p_warehouse_id uuid, p_adjustments jsonb, p_reason text DEFAULT 'طھط¹ط¯ظٹظ„ ظٹط¯ظˆظٹ'::text)","True","True","True","True","False","False","2133"
"bulk_update_product_prices","(p_company_id uuid, p_updates jsonb)","True","True","True","True","False","False","2207"
"calculate_product_cogs","(p_company_id uuid, p_product_id uuid)","True","True","False","False","False","False","2252"
"check_account_circular_reference","()","False","True","False","False","False","False","2320"
"check_fiscal_year_overlap","()","False","True","False","False","False","False","2365"
"check_invoice_paid_status","()","False","True","False","False","False","False","2386"
"check_journal_balance","()","False","True","False","False","False","False","2403"
"check_rate_limit","(p_company_id uuid, p_endpoint text, p_max_requests integer DEFAULT 60, p_window_seconds integer DEFAULT 60)","True","True","False","True","False","False","2431"
"check_stock_availability","(p_product_id uuid, p_warehouse_id uuid, p_requested_qty numeric)","True","True","False","False","False","False","2458"
"cleanup_old_audit_logs","()","True","True","False","False","False","False","2481"
"cleanup_old_records","()","True","True","False","False","False","False","2494"
"commit_expense_v2","(p_company_id uuid, p_user_id uuid, p_data jsonb)","True","True","False","False","False","False","2519"
"commit_payment","(p_company_id uuid, p_user_id uuid, p_type text, p_amount numeric, p_date date, p_cash_account_id uuid, p_counterparty_type text DEFAULT NULL::text, p_counterparty_id uuid DEFAULT NULL::uuid, p_description text DEFAULT ''::text, p_payment_method text DEFAULT 'cash'::text, p_reference_number text DEFAULT ''::text, p_currency_code text DEFAULT 'SAR'::text, p_exchange_rate numeric DEFAULT 1, p_foreign_amount numeric DEFAULT NULL::numeric, p_branch_id uuid DEFAULT NULL::uuid)","True","True","False","True","False","False","2618"
"commit_purchase_invoice","(p_company_id uuid, p_user_id uuid, p_supplier_id uuid, p_items jsonb, p_exchange_rate numeric DEFAULT 1.0, p_currency text DEFAULT 'SAR'::text, p_issue_date date DEFAULT CURRENT_DATE, p_payment_method text DEFAULT 'credit'::text, p_payment_account_id uuid DEFAULT NULL::uuid, p_notes text DEFAULT NULL::text, p_invoice_number text DEFAULT NULL::text, p_branch_id uuid DEFAULT NULL::uuid, p_due_date date DEFAULT NULL::date)","True","True","True","True","False","False","2664"
"commit_purchase_return","(p_company_id uuid, p_user_id uuid, p_supplier_id uuid, p_items jsonb, p_notes text, p_currency text, p_exchange_rate numeric, p_branch_id uuid DEFAULT NULL::uuid)","True","True","True","True","False","False","2813"
"commit_sale_return","(p_company_id uuid, p_user_id uuid, p_party_id uuid, p_items jsonb, p_exchange_rate numeric DEFAULT 1.0, p_currency text DEFAULT 'SAR'::text, p_reference_invoice_id uuid DEFAULT NULL::uuid, p_return_reason text DEFAULT NULL::text, p_notes text DEFAULT NULL::text, p_branch_id uuid DEFAULT NULL::uuid)","True","True","True","True","False","False","2946"
"commit_sales_invoice_v2","(p_party_id uuid, p_invoice_date date, p_due_date date, p_items jsonb, p_payment_type text DEFAULT 'cash'::text, p_notes text DEFAULT NULL::text, p_currency_code text DEFAULT 'SAR'::text, p_exchange_rate numeric DEFAULT 1, p_idempotency_key text DEFAULT NULL::text, p_branch_id uuid DEFAULT NULL::uuid)","True","True","True","False","False","True","3084"
"complete_promise","(p_company_id uuid, p_promise_id uuid, p_payment_id uuid DEFAULT NULL::uuid)","True","True","False","False","False","False","3260"
"convert_quotation_to_invoice","(p_quotation_id uuid, p_issue_date date DEFAULT CURRENT_DATE, p_due_date date DEFAULT NULL::date, p_notes text DEFAULT NULL::text)","True","True","True","True","False","False","3281"
"create_cashbox","(p_company_id uuid, p_branch_id uuid DEFAULT NULL::uuid, p_name text DEFAULT 'طµظ†ط¯ظˆظ‚ ط¬ط¯ظٹط¯'::text, p_currency_code text DEFAULT 'SAR'::text, p_opening_balance numeric DEFAULT 0)","True","True","True","True","False","False","3392"
"create_exchange_company","(p_company_id uuid, p_branch_id uuid DEFAULT NULL::uuid, p_name text DEFAULT 'ط´ط±ظƒط© طµط±ط§ظپط© ط¬ط¯ظٹط¯ط©'::text, p_currency_code text DEFAULT 'SAR'::text, p_opening_balance numeric DEFAULT 0)","True","True","True","True","False","False","3452"
"create_financial_bond","(p_company_id uuid, p_bond_type text, p_amount numeric, p_currency_code text DEFAULT 'SAR'::text, p_exchange_rate numeric DEFAULT 1.0, p_foreign_amount numeric DEFAULT NULL::numeric, p_date date DEFAULT CURRENT_DATE, p_cash_account_id uuid DEFAULT NULL::uuid, p_counterparty_id uuid DEFAULT NULL::uuid, p_counterparty_type text DEFAULT 'party'::text, p_description text DEFAULT ''::text, p_invoice_id uuid DEFAULT NULL::uuid, p_user_id uuid DEFAULT NULL::uuid, p_payment_method text DEFAULT 'cash'::text, p_branch_id uuid DEFAULT NULL::uuid)","True","True","True","True","False","False","3514"
"create_stock_transfer","(p_from_warehouse uuid, p_to_warehouse uuid, p_items jsonb, p_company_id uuid, p_user_id uuid, p_notes text DEFAULT NULL::text)","True","True","True","True","False","False","3618"
"disassemble_kit","(p_company_id uuid, p_kit_product_id uuid, p_warehouse_id uuid, p_quantity integer, p_user_id uuid)","True","True","False","False","False","False","3663"
"ensure_vehicle","(p_make text, p_model text DEFAULT NULL::text, p_year integer DEFAULT NULL::integer, p_engine text DEFAULT NULL::text, p_body_type text DEFAULT NULL::text, p_drive_type text DEFAULT NULL::text, p_fuel_type text DEFAULT NULL::text, p_transmission text DEFAULT NULL::text, p_region text DEFAULT NULL::text)","True","True","False","False","False","False","3730"
"finalize_audit_session","(p_session_id uuid, p_user_id uuid, p_items jsonb)","True","True","False","False","False","False","3774"
"fn_accounting_health_check","()","True","True","False","False","False","False","3840"
"fn_archive_supplier_price","()","False","True","False","True","False","False","3928"
"fn_assert_company_access","(p_company_id uuid)","True","True","True","True","False","False","3951"
"fn_auto_post_invoice_journal","()","True","True","False","False","False","False","3969"
"fn_auto_post_payment_journal","()","True","True","False","False","False","False","4125"
"fn_check_fiscal_year_overlap","()","False","True","False","False","False","False","4257"
"fn_check_inventory_transaction_tenant","()","True","True","False","False","False","False","4277"
"fn_check_invoice_item_product_tenant","()","True","True","False","False","False","False","4323"
"fn_check_invoice_party_tenant","()","True","True","False","False","False","False","4354"
"fn_check_journal_line_account_postable","()","True","True","False","False","False","False","4385"
"fn_check_journal_line_account_tenant","()","True","True","False","False","False","False","4412"
"fn_check_journal_line_entry_tenant","()","True","True","False","False","False","False","4445"
"fn_check_journal_line_party_tenant","()","True","True","False","False","False","False","4475"
"fn_check_payment_account_tenant","()","True","True","False","False","False","False","4511"
"fn_check_payment_party_tenant","()","True","True","False","False","False","False","4542"
"fn_get_account_id","(p_company_id uuid, p_code text)","False","True","False","False","False","False","4573"
"fn_post_inventory_movement","(p_company_id uuid, p_product_id uuid, p_warehouse_id uuid, p_quantity numeric, p_transaction_type text, p_reference_type text, p_reference_id uuid, p_created_by uuid, p_unit_cost numeric DEFAULT NULL::numeric)","True","True","False","False","False","False","4584"
"fn_release_payment_allocations","(p_payment_id uuid DEFAULT NULL::uuid, p_invoice_id uuid DEFAULT NULL::uuid)","True","True","False","False","False","False","4620"
"fn_require_inventory_cost","()","False","True","False","False","False","False","4648"
"fn_reverse_inventory_for_reference","(p_reference_id uuid, p_source_reference_types text[], p_new_reference_type text)","True","True","True","False","False","False","4666"
"fn_reverse_journal_entries","(p_source_reference_id uuid, p_source_reference_types text[], p_new_reference_type text, p_description_prefix text, p_created_by uuid, p_company_id uuid)","True","True","False","False","False","False","4708"
"fn_sync_invoice_paid_amount","()","False","True","False","False","False","False","4749"
"fn_sync_party_stats","()","False","True","False","False","False","False","4768"
"fn_update_weighted_avg_cost","()","False","True","False","False","False","False","4799"
"fn_validate_invoice_business_rules","()","True","True","False","False","False","False","4845"
"generate_invoice_number","(p_company_id uuid, p_type text)","True","True","False","False","False","False","4883"
"generate_journal_entry_number","()","False","True","False","False","False","False","4915"
"generate_payment_number","(p_company_id uuid, p_type text)","True","True","False","False","False","False","4934"
"get_account_ledger","(p_company_id uuid, p_account_id uuid, p_from text DEFAULT NULL::text, p_to text DEFAULT NULL::text, p_branch_id uuid DEFAULT NULL::uuid)","True","True","True","True","False","False","4966"
"get_all_parties","(p_company_id uuid, p_type text DEFAULT 'all'::text, p_status text DEFAULT 'active'::text)","True","True","True","True","False","False","5042"
"get_all_products","(p_company_id uuid, p_warehouse_id uuid DEFAULT NULL::uuid, p_status text DEFAULT 'active'::text)","False","True","False","True","False","False","5104"
"get_auth_companies","()","True","True","True","True","False","False","5175"
"get_auth_company_id","()","True","True","True","True","False","False","5188"
"get_bonds_stats","(p_company_id uuid, p_branch_id uuid DEFAULT NULL::uuid)","True","True","True","True","False","False","5203"
"get_cash_account","(p_currency text, p_method text, p_company_id uuid)","True","True","False","True","False","False","5253"
"get_cash_liquidity","(p_company_id uuid)","True","True","True","True","False","False","5276"
"get_changes_since","(p_company_id uuid, p_since timestamp with time zone, p_tables text[] DEFAULT ARRAY['products'::text, 'parties'::text, 'invoices'::text, 'payments'::text, 'expenses'::text])","True","True","True","True","False","False","5301"
"get_company_settings","(p_company_id uuid)","True","True","True","True","False","False","5391"
"get_customer_stats","(p_company_id uuid)","True","True","True","True","False","False","5444"
"get_dashboard_summary","(p_company_id uuid, p_branch_id uuid DEFAULT NULL::uuid, p_date_from date DEFAULT NULL::date, p_date_to date DEFAULT NULL::date)","True","True","False","True","False","False","5469"
"get_dashboard_summary","(p_company_id uuid, p_branch_id uuid DEFAULT NULL::uuid)","True","True","False","True","False","False","5533"
"get_dashboard_totals","(p_company_id uuid, p_branch_id uuid DEFAULT NULL::uuid)","True","True","True","True","False","False","5557"
"get_dead_stock","(p_company_id uuid, days_threshold integer DEFAULT 90, p_limit integer DEFAULT 50, p_offset integer DEFAULT 0)","True","True","False","True","False","False","5588"
"get_debt_analytics_summary","(p_company_id uuid)","True","True","False","False","False","False","5612"
"get_debt_followup_dashboard","(p_company_id uuid, p_due_soon_days integer DEFAULT 7, p_critical_days integer DEFAULT 30, p_reminder_window_days integer DEFAULT 3)","True","True","False","False","False","False","5689"
"get_debt_party_overview","(p_company_id uuid, p_party_id uuid)","True","True","False","False","False","False","5815"
"get_debt_today_tasks","(p_company_id uuid)","True","True","False","False","False","False","5872"
"get_expense_categories_summary","(p_company_id uuid, p_date_from date DEFAULT NULL::date, p_date_to date DEFAULT NULL::date, p_branch_id uuid DEFAULT NULL::uuid)","True","True","False","False","False","False","5939"
"get_expense_stats","(p_company_id uuid)","True","True","False","True","False","False","5965"
"get_inventory_valuation","(p_company_id uuid)","True","True","True","True","False","False","5984"
"get_invoice_with_items","(p_invoice_id uuid)","True","True","True","True","False","False","6010"
"get_item_movements_with_balance","(p_company_id uuid, p_product_id uuid)","True","True","True","True","False","False","6048"
"get_low_stock_products","(p_company_id uuid, p_branch_id uuid DEFAULT NULL::uuid)","True","True","False","False","False","False","6111"
"get_matching_inventory_products","(p_company_id uuid, p_vehicle_make text, p_vehicle_model text DEFAULT NULL::text, p_year integer DEFAULT NULL::integer)","True","True","False","True","False","False","6140"
"get_monthly_performance","(p_company_id uuid, p_year integer, p_branch_id uuid DEFAULT NULL::uuid)","True","True","False","False","False","False","6210"
"get_next_invoice_number","(p_company_id uuid, p_type text DEFAULT 'sale'::text)","True","True","False","False","False","False","6264"
"get_next_journal_entry_number","(p_company_id uuid)","True","True","False","False","False","False","6284"
"get_next_sequence","(p_company_id uuid, p_sequence_name text)","True","True","False","False","False","False","6304"
"get_overdue_invoices","(p_company_id uuid, p_type text DEFAULT 'sale'::text)","True","True","True","True","False","False","6341"
"get_paginated_invoices","(p_company_id uuid, p_type text DEFAULT NULL::text, p_status text DEFAULT NULL::text, p_party_id uuid DEFAULT NULL::uuid, p_from_date date DEFAULT NULL::date, p_to_date date DEFAULT NULL::date, p_search text DEFAULT NULL::text, p_page integer DEFAULT 1, p_page_size integer DEFAULT 25, p_order_by text DEFAULT 'issue_date'::text, p_order_dir text DEFAULT 'DESC'::text)","True","True","True","True","False","False","6392"
"get_party_all_balances","(p_company_id uuid, p_party_id uuid)","True","True","False","False","False","False","6513"
"get_party_balance_by_currency","(p_company_id uuid, p_party_id uuid, p_currency_code character varying)","True","True","False","False","False","False","6530"
"get_party_statement","(p_company_id uuid, p_party_id uuid)","True","True","False","True","False","False","6546"
"get_party_summary","(p_party_id uuid)","True","True","True","True","False","False","6590"
"get_popular_products","(p_company_id uuid, p_limit integer DEFAULT 20)","True","True","False","False","False","False","6668"
"get_potential_duplicates","(p_company_id uuid, p_type text DEFAULT 'customer'::text)","True","True","False","True","False","False","6701"
"get_product_analytics","(p_company_id uuid, p_product_id uuid, p_days integer DEFAULT 90)","True","True","False","True","False","False","6721"
"get_product_fitment","(p_id uuid, p_company_id uuid)","True","True","True","True","False","False","6744"
"get_product_stock_history","(p_company_id uuid, p_product_id uuid, p_warehouse_id uuid DEFAULT NULL::uuid, p_from_date date DEFAULT NULL::date, p_to_date date DEFAULT CURRENT_DATE, p_limit integer DEFAULT 100)","True","True","True","True","False","False","6767"
"get_products_page","(p_company_id uuid, p_page integer DEFAULT 1, p_page_size integer DEFAULT 50, p_status text DEFAULT 'active'::text, p_category_id uuid DEFAULT NULL::uuid, p_search text DEFAULT NULL::text, p_warehouse_id uuid DEFAULT NULL::uuid, p_low_stock boolean DEFAULT false)","False","True","False","False","False","False","6822"
"get_purchase_stats","(p_company_id uuid, p_branch_id uuid DEFAULT NULL::uuid)","True","True","False","True","False","False","6884"
"get_sales_analytics","(p_company_id uuid, p_start_date date DEFAULT NULL::date, p_end_date date DEFAULT NULL::date)","True","True","False","True","False","False","6904"
"get_sales_chart_data","(p_company_id uuid, p_branch_id uuid DEFAULT NULL::uuid, p_date_from date DEFAULT NULL::date, p_date_to date DEFAULT NULL::date)","True","True","False","False","False","False","6929"
"get_sales_stats","(p_company_id uuid)","True","True","False","True","False","False","6965"
"get_similar_products","(p_name text, p_company_id uuid)","True","True","True","True","False","False","6984"
"get_stock_valuation","(p_company_id uuid)","True","True","False","True","False","False","7005"
"get_top_customers_by_revenue","(p_company_id uuid, p_limit integer DEFAULT 10)","True","True","False","True","False","False","7028"
"get_top_products_and_customers","(p_company_id uuid, p_branch_id uuid DEFAULT NULL::uuid, p_limit integer DEFAULT 5)","True","True","False","False","False","False","7045"
"get_top_selling_products","(p_company_id uuid, p_limit integer DEFAULT 10, p_days integer DEFAULT 30)","True","True","False","True","False","False","7102"
"get_user_company_id","()","True","True","True","True","False","False","7121"
"get_user_permissions","()","True","True","True","False","False","False","7133"
"get_user_profile","(p_user_id uuid DEFAULT NULL::uuid)","True","True","True","True","False","False","7148"
"get_user_role","()","True","True","True","True","False","False","7200"
"get_vehicle_products","(v_id uuid, p_company_id uuid)","True","True","True","True","False","False","7218"
"get_warehouses_with_stats","(p_company_id uuid, p_branch_id uuid DEFAULT NULL::uuid)","True","True","False","True","False","False","7243"
"handle_new_user","()","True","True","False","False","False","False","7265"
"has_permission","(p_permission text)","True","True","True","False","False","False","7284"
"incentive_actor","(p_company_id uuid)","True","True","True","True","False","False","7300"
"incentive_apply_adjustment","(p_company_id uuid, p_calculation_id uuid, p_adjustment_type text, p_amount numeric, p_reason text)","True","True","False","False","False","False","7312"
"incentive_approve_invoice_allocation","(p_invoice_id uuid, p_company_id uuid)","True","True","False","False","False","False","7334"
"incentive_assert_period_allows","(p_period_id uuid, p_action text)","True","True","False","False","False","False","7369"
"incentive_calculate_period","(p_company_id uuid, p_period_id uuid)","True","True","False","False","False","False","7408"
"incentive_check_allocation_complete","(p_invoice_id uuid)","True","True","False","False","False","False","7637"
"incentive_create_assignment","(p_company_id uuid, p_user_id uuid, p_plan_id uuid, p_effective_from date, p_branch_id uuid DEFAULT NULL::uuid, p_effective_to date DEFAULT NULL::date)","True","True","False","False","False","False","7667"
"incentive_create_engineer_link","(p_invoice_id uuid, p_company_id uuid, p_user_id uuid, p_allocation_pct numeric, p_assignment_type text DEFAULT 'direct'::text, p_reason text DEFAULT NULL::text, p_source text DEFAULT NULL::text)","True","True","False","True","True","False","7697"
"incentive_create_plan","(p_company_id uuid, p_name text, p_calculation_basis text, p_currency_code text, p_description text DEFAULT NULL::text, p_collection_mode text DEFAULT 'on_collected_only'::text, p_tier_method text DEFAULT 'flat'::text, p_tier_currency_code text DEFAULT NULL::text, p_effective_from date DEFAULT NULL::date, p_effective_to date DEFAULT NULL::date)","True","True","False","False","False","False","7798"
"incentive_create_rule","(p_company_id uuid, p_plan_id uuid, p_name text, p_rule_type text, p_calculation_method text, p_threshold_min numeric DEFAULT NULL::numeric, p_threshold_max numeric DEFAULT NULL::numeric, p_rate numeric DEFAULT NULL::numeric, p_fixed_amount numeric DEFAULT NULL::numeric, p_priority integer DEFAULT 0, p_conditions jsonb DEFAULT NULL::jsonb)","True","True","False","False","False","False","7820"
"incentive_create_target","(p_company_id uuid, p_target_scope text, p_target_owner_type text, p_target_owner_id uuid, p_target_type text, p_period_start date, p_period_end date, p_target_value numeric, p_currency_code text, p_user_id uuid DEFAULT NULL::uuid, p_branch_id uuid DEFAULT NULL::uuid, p_period_type text DEFAULT 'monthly'::text)","True","True","False","False","False","False","7842"
"incentive_deactivate_assignment","(p_assignment_id uuid, p_company_id uuid)","True","True","False","False","False","False","7864"
"incentive_deactivate_target","(p_target_id uuid, p_company_id uuid)","True","True","False","False","False","False","7883"
"incentive_detect_pending_invoices","(p_company_id uuid, p_branch_id uuid DEFAULT NULL::uuid)","True","True","False","False","False","False","7902"
"incentive_detect_pending_invoices_system","()","True","True","False","False","False","False","7935"
"incentive_log_audit","(p_company_id uuid, p_action text, p_entity text, p_entity_id uuid DEFAULT NULL::uuid, p_details jsonb DEFAULT NULL::jsonb)","True","True","False","False","False","False","7967"
"incentive_mark_pending_resolved","(p_pending_id uuid, p_company_id uuid, p_status text, p_reason text DEFAULT NULL::text)","True","True","False","False","False","False","7981"
"incentive_open_period","(p_company_id uuid, p_period_label text, p_period_start date, p_period_end date, p_currency_code text, p_branch_id uuid DEFAULT NULL::uuid, p_is_test_period boolean DEFAULT false)","True","True","False","False","False","False","8002"
"incentive_period_transition","(p_period_id uuid, p_company_id uuid, p_new_state text, p_by_permission text)","True","True","False","False","False","False","8024"
"incentive_record_payment","(p_company_id uuid, p_calculation_id uuid, p_user_id uuid, p_amount numeric, p_payment_date date, p_payment_method text, p_currency_code text, p_reference text DEFAULT NULL::text, p_notes text DEFAULT NULL::text)","True","True","False","False","False","False","8079"
"incentive_revoke_engineer_link","(p_link_id uuid, p_company_id uuid)","True","True","False","False","False","False","8103"
"incentive_update_plan","(p_plan_id uuid, p_company_id uuid, p_name text DEFAULT NULL::text, p_description text DEFAULT NULL::text, p_calculation_basis text DEFAULT NULL::text, p_status text DEFAULT NULL::text, p_effective_to date DEFAULT NULL::date)","True","True","False","False","False","False","8122"
"incentive_void_calculation","(p_calculation_id uuid, p_company_id uuid, p_reason text)","True","True","False","False","False","False","8150"
"is_super_admin","()","True","True","True","False","False","False","8172"
"is_valid_branch","(p_company_id uuid, p_branch_id uuid)","True","True","False","False","False","False","8185"
"log_audit_event","()","True","True","True","False","False","False","8203"
"log_cron_backup_event","()","True","True","False","False","False","False","8212"
"log_table_changes","()","True","True","True","False","False","False","8240"
"normalize_arabic","(p_text text)","True","True","False","False","False","False","8290"
"normalize_oem_v1","(input_text text)","False","False","False","False","False","False","8315"
"post_manual_journal","(p_company_id uuid, p_user_id uuid, p_date date, p_description text, p_lines jsonb, p_currency_code text DEFAULT 'SAR'::text, p_exchange_rate numeric DEFAULT 1, p_reference_type text DEFAULT NULL::text, p_branch_id uuid DEFAULT NULL::uuid)","True","True","True","True","False","False","8331"
"prc_publish_evaluation_status_changed_event","()","False","True","False","False","False","False","8430"
"prc_publish_grn_status_changed_event","()","False","True","False","False","False","False","8448"
"prc_publish_invoice_status_changed_event","()","False","True","False","False","False","False","8466"
"prc_publish_po_created_event","()","False","True","False","False","False","False","8484"
"prc_publish_po_status_changed_event","()","False","True","False","False","False","False","8500"
"prc_publish_pr_created_event","()","False","True","False","False","False","False","8518"
"prc_publish_pr_status_changed_event","()","False","True","False","False","False","False","8534"
"prc_publish_quotation_status_changed_event","()","False","True","False","False","False","False","8552"
"prc_publish_rfq_status_changed_event","()","False","True","False","False","False","False","8570"
"prc_publish_sla_violation_event","()","False","True","False","False","False","False","8588"
"prc_publish_supplier_created_event","()","False","True","False","False","False","False","8604"
"prevent_company_id_change","()","False","True","False","False","False","False","8619"
"prevent_inventory_hard_delete","()","False","True","False","False","False","False","8634"
"prevent_invoice_in_closed_fiscal_year","()","True","True","False","False","False","False","8650"
"prevent_journal_entry_in_closed_fiscal_year","()","True","True","False","False","False","False","8672"
"prevent_negative_stock_on_sale","()","False","True","False","False","False","False","8698"
"prevent_posted_journal_edit","()","True","True","False","False","False","False","8714"
"prevent_posted_journal_line_modification","()","True","True","False","False","False","False","8737"
"prevent_posted_journal_modification","()","True","True","False","False","False","False","8763"
"prevent_sys_activity_log_modification","()","True","True","False","False","False","False","8782"
"prevent_sys_domain_events_deletion","()","True","True","False","False","False","False","8796"
"prevent_sys_domain_events_payload_update","()","True","True","False","False","False","False","8810"
"prevent_system_account_modification","()","True","True","False","False","False","False","8832"
"process_sales_return","(p_invoice_id uuid, p_party_id uuid, p_payment_method text, p_items jsonb, p_return_reason text, p_status text, p_notes text, p_issue_date date, p_currency_code text, p_exchange_rate numeric, p_company_id uuid, p_user_id uuid)","True","True","False","True","False","True","8860"
"process_stock_transfer","(p_transfer_id uuid)","True","True","True","True","False","False","9067"
"recalculate_all_party_balances","()","True","True","False","False","False","False","9108"
"recalculate_invoice_totals","()","False","True","False","False","False","False","9154"
"recalculate_party_balance","(p_party_id uuid)","True","True","False","False","False","False","9199"
"recalculate_party_balance_from_ledger","(p_party_id uuid)","True","True","False","False","False","False","9212"
"recalculate_product_stock","(p_product_id uuid, p_warehouse_id uuid DEFAULT NULL::uuid)","True","True","False","False","False","False","9258"
"recalculate_product_stock_for_warehouse","(p_product_id uuid, p_warehouse_id uuid)","True","True","False","False","False","False","9305"
"record_debt_reminder","(p_company_id uuid, p_party_id uuid, p_message_text text, p_channel character varying DEFAULT 'whatsapp'::character varying, p_template_id uuid DEFAULT NULL::uuid, p_recipient character varying DEFAULT NULL::character varying, p_related_entity_type character varying DEFAULT NULL::character varying, p_related_entity_id uuid DEFAULT NULL::uuid)","True","True","True","False","False","False","9352"
"report_balance_sheet","(p_company_id uuid, p_as_of_date date DEFAULT NULL::date)","True","True","False","False","False","False","9393"
"report_cash_flow","(p_company_id uuid, p_from date, p_to date)","True","True","False","False","False","False","9451"
"report_debt_aging","(p_company_id uuid)","True","True","False","False","False","False","9510"
"report_debts","(p_company_id uuid)","True","True","True","True","False","False","9539"
"report_profit_loss","(p_company_id uuid, p_from date, p_to date)","True","True","False","False","False","False","9601"
"report_trial_balance","(p_company_id uuid, p_from date, p_to date, p_branch_id uuid DEFAULT NULL::uuid)","True","True","False","False","False","False","9647"
"resolve_vehicle_from_vin","(p_vin text)","True","True","False","False","False","False","9686"
"restrict_journal_entry_update","()","False","True","False","False","False","False","9724"
"reverse_audit_session","(p_session_id uuid)","True","True","True","True","False","False","9748"
"reverse_stock_transfer","(p_transfer_id uuid)","True","True","True","True","False","False","9796"
"save_product_uoms","(p_product_id uuid, p_uoms jsonb)","True","True","False","False","False","False","9845"
"search_by_oem","(p_company_id uuid, p_search_term text, p_limit integer DEFAULT 20)","True","True","False","False","False","False","9873"
"search_cached_parts","(p_provider text, p_normalized_number text)","True","True","False","False","False","False","9987"
"search_cached_xrefs","(p_provider text, p_source_number text)","True","True","False","False","False","False","10002"
"search_inventory","(p_term text, p_company_id uuid)","True","True","False","False","False","False","10016"
"search_inventory_paginated","(p_company_id uuid, p_term text, p_limit integer, p_offset integer, p_sort_key text, p_sort_dir text, p_branch_id uuid DEFAULT NULL::uuid)","True","True","False","True","False","False","10090"
"search_parties","(p_company_id uuid, p_query text, p_type text DEFAULT 'all'::text, p_limit integer DEFAULT 20)","True","True","True","True","False","False","10154"
"send_webhook_event","()","True","True","False","False","False","True","10197"
"set_current_timestamp_updated_at","()","False","True","False","False","False","False","10250"
"set_updated_by","()","False","True","True","False","False","False","10263"
"set_vin_analyses_updated_at","()","False","False","False","False","False","False","10276"
"setup_new_company","()","True","True","False","True","False","False","10288"
"sync_allow_posting_on_parent_change","()","False","True","False","False","False","False","10452"
"sync_journal_entry_lines_soft_delete","()","False","True","False","False","False","False","10467"
"sync_party_stats_on_invoice_change","()","True","True","False","False","False","False","10496"
"sync_product_search_numbers","(p_product_id uuid)","True","True","False","False","False","False","10549"
"test_active_accounts","(p_company_id uuid)","True","True","True","True","False","False","10614"
"trg_incentive_calc_guard","()","True","True","False","False","False","False","10634"
"trg_incentive_lines_period_guard","()","True","True","False","False","False","False","10687"
"trg_incentive_links_period_guard","()","True","True","False","False","False","False","10713"
"trg_incentive_set_updated_at","()","False","False","False","False","False","False","10741"
"trg_invoice_soft_delete_propagation","()","True","True","False","False","False","False","10757"
"trg_set_journal_entry_number","()","False","True","False","False","False","False","10782"
"trg_sync_inventory_stock_on_delete","()","True","True","False","False","False","False","10797"
"trg_sync_product_search_numbers","()","True","True","False","False","False","False","10832"
"trg_update_product_stock","()","True","True","False","False","False","False","10897"
"trigger_set_updated_at","()","False","True","False","False","False","False","10951"
"update_invoice_status_on_payment","()","False","True","False","False","False","False","10964"
"update_invoice_totals_from_items","()","False","True","False","False","False","False","10990"
"update_party_search_vector","()","False","True","False","False","False","False","11011"
"update_prc_timestamp","()","False","True","False","False","False","False","11027"
"update_product_search_vector","()","False","True","False","False","False","False","11040"
"update_quotation_updated_at","()","False","True","False","False","False","False","11061"
"update_sys_job_queue_timestamp","()","False","True","False","False","False","False","11074"
"update_sys_job_types_timestamp","()","False","True","False","False","False","False","11087"
"update_updated_at_column","()","False","False","False","False","False","False","11100"
"user_can_manage_debts","()","True","True","False","False","False","False","11112"
"user_has_company_access","(p_company_id uuid)","True","True","True","True","False","False","11123"
"user_is_admin_or_manager","()","True","True","False","False","False","False","11140"
"validate_data_integrity","(p_company_id uuid)","True","True","True","True","False","False","11153"
"validate_journal_entry_balance","(p_journal_entry_id uuid)","True","True","False","False","False","False","11185"
"validate_payment_allocation_company","()","True","True","False","True","False","False","11210"
"verify_company_access","(p_company_id uuid)","True","True","True","True","False","False","11234"
"verify_invoice_item_total","()","False","True","False","False","False","False","11261"
"verify_invoice_paid_amount","()","False","True","False","False","False","False","11276"
"void_bond","(p_payment_id uuid)","True","True","False","False","False","False","11298"
"void_expense","(p_expense_id uuid)","True","True","True","True","False","False","11325"
"void_invoice","(p_invoice_id uuid)","True","True","True","True","False","False","11363"
